signup_month,last_active_month,customers,avg_cltv,total_spend,cohort_size,retention_pct
2019-01,2022-12,1,107.39,272.0,25.0,4.0
2019-01,2023-09,2,246.95,1250.0,25.0,8.0
2019-01,2019-01,10,222.8,5606.0,25.0,40.0
2019-01,2022-07,1,805.39,2040.0,25.0,4.0
2019-01,2022-10,1,98.6,249.0,25.0,4.0
2019-01,2022-11,1,635.58,1605.0,25.0,4.0
2019-01,2022-04,1,3001.68,7580.0,25.0,4.0
2019-01,2023-10,2,405.88,2033.0,25.0,8.0
2019-01,2023-07,1,445.54,1120.0,25.0,4.0
2019-01,2023-12,1,505.97,1270.0,25.0,4.0
2019-01,2023-08,1,391.61,980.0,25.0,4.0
2019-01,2023-11,1,119.88,300.0,25.0,4.0
2019-01,2023-02,1,76.15,190.0,25.0,4.0
2019-01,2023-03,1,66.13,165.0,25.0,4.0
2019-02,2019-02,15,573.9,21245.0,30.0,50.0
2019-02,2023-11,2,1293.68,6425.0,30.0,6.67
2019-02,2022-03,1,158.79,395.0,30.0,3.33
2019-02,2023-01,1,130.65,325.0,30.0,3.33
2019-02,2023-12,1,2490.85,6190.0,30.0,3.33
2019-02,2023-10,3,465.45,3455.0,30.0,10.0
2019-02,2023-08,1,70.56,175.0,30.0,3.33
2019-02,2022-05,1,72.58,180.0,30.0,3.33
2019-02,2023-05,1,1253.64,3100.0,30.0,3.33
2019-02,2022-01,1,41.25,102.0,30.0,3.33
2019-02,2022-06,1,103.43,255.0,30.0,3.33
2019-02,2023-06,1,28.39,70.0,30.0,3.33
2019-02,2023-09,1,1037.34,2550.0,30.0,3.33
2019-03,2019-03,17,54.06,2233.0,35.0,48.57
2019-03,2023-05,2,2006.06,9698.0,35.0,5.71
2019-03,2023-03,3,1688.29,12300.0,35.0,8.57
2019-03,2022-01,2,1591.79,7780.0,35.0,5.71
2019-03,2023-08,2,595.12,2896.0,35.0,5.71
2019-03,2022-09,1,710.7,1725.0,35.0,2.86
2019-03,2022-11,1,1036.41,2518.0,35.0,2.86
2019-03,2022-02,1,33.02,80.0,35.0,2.86
2019-03,2023-02,1,94.12,228.0,35.0,2.86
2019-03,2022-04,1,4045.44,9800.0,35.0,2.86
2019-03,2022-12,1,2518.08,6100.0,35.0,2.86
2019-03,2023-09,1,990.72,2400.0,35.0,2.86
2019-03,2023-10,1,1268.12,3072.0,35.0,2.86
2019-03,2023-04,1,95.22,230.0,35.0,2.86
2019-04,2019-04,20,185.97,8893.0,37.0,54.05
2019-04,2022-10,2,1446.4,6910.0,37.0,5.41
2019-04,2022-07,2,158.73,760.0,37.0,5.41
2019-04,2022-11,1,170.72,410.0,37.0,2.7
2019-04,2023-05,1,212.36,510.0,37.0,2.7
2019-04,2023-07,1,21.65,52.0,37.0,2.7
2019-04,2023-03,1,185.3,445.0,37.0,2.7
2019-04,2023-08,2,1648.26,7865.0,37.0,5.41
2019-04,2023-12,1,235.56,563.0,37.0,2.7
2019-04,2023-01,1,294.97,705.0,37.0,2.7
2019-04,2022-04,1,843.88,2015.0,37.0,2.7
2019-04,2023-09,1,3838.8,9140.0,37.0,2.7
2019-04,2022-09,1,156.54,372.0,37.0,2.7
2019-04,2023-11,1,2072.16,4915.0,37.0,2.7
2019-04,2022-05,1,2089.15,4960.0,37.0,2.7
2019-05,2022-08,1,108.98,258.0,26.0,3.85
2019-05,2019-05,14,463.1,15227.0,26.0,53.85
2019-05,2022-09,2,2076.85,9702.0,26.0,7.69
2019-05,2022-05,1,1132.08,2670.0,26.0,3.85
2019-05,2023-04,2,1081.68,5090.0,26.0,7.69
2019-05,2023-01,1,70.09,165.0,26.0,3.85
2019-05,2023-10,1,246.38,580.0,26.0,3.85
2019-05,2022-07,1,675.43,1590.0,26.0,3.85
2019-05,2022-10,1,43.45,102.0,26.0,3.85
2019-05,2022-01,1,196.51,460.0,26.0,3.85
2019-05,2022-04,1,1031.04,2400.0,26.0,3.85
2019-06,2019-06,18,145.68,6053.0,33.0,54.55
2019-06,2022-07,1,68.93,160.0,33.0,3.03
2019-06,2022-02,1,3214.08,7440.0,33.0,3.03
2019-06,2023-03,1,233.28,540.0,33.0,3.03
2019-06,2022-04,1,187.92,435.0,33.0,3.03
2019-06,2023-05,1,99.11,229.0,33.0,3.03
2019-06,2023-06,1,184.11,425.0,33.0,3.03
2019-06,2023-02,1,2631.69,6075.0,33.0,3.03
2019-06,2023-01,1,151.62,350.0,33.0,3.03
2019-06,2023-08,1,4138.45,9540.0,33.0,3.03
2019-06,2022-01,1,139.01,320.0,33.0,3.03
2019-06,2022-09,2,1688.28,7770.0,33.0,6.06
2019-06,2023-09,1,1059.72,2435.0,33.0,3.03
2019-06,2022-10,1,1104.25,2535.0,33.0,3.03
2019-06,2022-12,1,100.46,230.0,33.0,3.03
2019-07,2023-11,3,1758.5,11838.0,31.0,9.68
2019-07,2022-09,1,210.24,480.0,31.0,3.23
2019-07,2019-07,15,197.88,6707.0,31.0,48.39
2019-07,2023-06,1,187.17,425.0,31.0,3.23
2019-07,2023-12,1,927.04,2105.0,31.0,3.23
2019-07,2023-08,3,616.5,4166.0,31.0,9.68
2019-07,2022-06,1,730.62,1650.0,31.0,3.23
2019-07,2023-01,1,168.72,380.0,31.0,3.23
2019-07,2022-04,1,1622.79,3650.0,31.0,3.23
2019-07,2022-07,1,64.38,145.0,31.0,3.23
2019-07,2022-12,1,102.4,230.0,31.0,3.23
2019-07,2023-05,1,767.97,1725.0,31.0,3.23
2019-07,2023-09,1,1161.97,2610.0,31.0,3.23
2019-08,2023-06,2,220.22,985.0,27.0,7.41
2019-08,2023-03,2,94.77,423.0,27.0,7.41
2019-08,2022-12,1,194.71,435.0,27.0,3.7
2019-08,2023-12,1,107.42,240.0,27.0,3.7
2019-08,2019-08,13,153.21,4410.0,27.0,48.15
2019-08,2022-08,1,233.1,518.0,27.0,3.7
2019-08,2023-05,3,371.71,2462.0,27.0,11.11
2019-08,2022-10,1,108.0,240.0,27.0,3.7
2019-08,2022-09,1,2809.4,6210.0,27.0,3.7
2019-08,2022-01,1,1073.33,2360.0,27.0,3.7
2019-08,2023-04,1,1387.14,3050.0,27.0,3.7
2019-09,2022-06,1,3338.23,7340.0,28.0,3.57
2019-09,2023-11,2,1997.38,8680.0,28.0,7.14
2019-09,2019-09,17,227.07,8433.0,28.0,60.71
2019-09,2022-04,1,1048.8,2300.0,28.0,3.57
2019-09,2023-12,1,3154.68,6900.0,28.0,3.57
2019-09,2023-05,2,244.42,1068.0,28.0,7.14
2019-09,2023-06,1,585.73,1280.0,28.0,3.57
2019-09,2023-02,1,220.03,480.0,28.0,3.57
2019-09,2023-08,1,72.81,158.0,28.0,3.57
2019-09,2023-09,1,77.41,168.0,28.0,3.57
2019-10,2023-09,1,440.8,950.0,27.0,3.7
2019-10,2022-04,1,3359.93,7235.0,27.0,3.7
2019-10,2022-05,2,677.66,2890.0,27.0,7.41
2019-10,2022-09,1,256.57,552.0,27.0,3.7
2019-10,2023-12,1,4876.2,10500.0,27.0,3.7
2019-10,2023-10,1,251.42,540.0,27.0,3.7
2019-10,2022-10,1,58.2,125.0,27.0,3.7
2019-10,2019-10,13,122.28,3371.0,27.0,48.15
2019-10,2022-07,1,194.69,416.0,27.0,3.7
2019-10,2023-06,1,308.88,660.0,27.0,3.7
2019-10,2023-04,1,46.8,100.0,27.0,3.7
2019-10,2022-02,1,2170.05,4625.0,27.0,3.7
2019-10,2023-05,1,4329.29,9180.0,27.0,3.7
2019-10,2023-02,1,189.12,400.0,27.0,3.7
2019-11,2019-11,17,272.91,9642.0,32.0,53.13
2019-11,2022-04,1,98.59,208.0,32.0,3.13
2019-11,2022-05,1,95.28,200.0,32.0,3.13
2019-11,2023-11,1,77.75,163.0,32.0,3.13
2019-11,2022-08,2,185.26,775.0,32.0,6.25
2019-11,2023-07,1,136.12,285.0,32.0,3.13
2019-11,2022-01,1,114.62,240.0,32.0,3.13
2019-11,2023-12,1,152.84,320.0,32.0,3.13
2019-11,2023-09,1,115.58,242.0,32.0,3.13
2019-11,2022-12,3,434.47,2715.0,32.0,9.38
2019-11,2023-06,1,294.46,615.0,32.0,3.13
2019-11,2023-04,1,537.6,1120.0,32.0,3.13
2019-11,2023-08,1,379.83,790.0,32.0,3.13
2019-12,2023-02,2,153.11,625.0,33.0,6.06
2019-12,2022-09,1,105.34,218.0,33.0,3.03
2019-12,2022-06,1,2366.76,4890.0,33.0,3.03
2019-12,2019-12,12,295.24,7262.0,33.0,36.36
2019-12,2023-04,1,253.89,525.0,33.0,3.03
2019-12,2023-05,5,698.12,7118.0,33.0,15.15
2019-12,2023-10,1,210.37,435.0,33.0,3.03
2019-12,2022-07,2,808.55,3335.0,33.0,6.06
2019-12,2023-07,1,337.5,695.0,33.0,3.03
2019-12,2023-03,2,784.78,3214.0,33.0,6.06
2019-12,2023-06,1,3837.7,7890.0,33.0,3.03
2019-12,2022-08,1,87.91,180.0,33.0,3.03
2019-12,2023-01,1,93.02,190.0,33.0,3.03
2019-12,2023-08,1,515.34,1050.0,33.0,3.03
2019-12,2022-02,1,238.62,485.0,33.0,3.03
2020-01,2022-06,2,60.97,245.0,30.0,6.67
2020-01,2023-06,1,1285.44,2600.0,30.0,3.33
2020-01,2020-01,15,575.86,17370.0,30.0,50.0
2020-01,2022-03,1,242.84,490.0,30.0,3.33
2020-01,2023-11,1,107.31,216.0,30.0,3.33
2020-01,2023-07,1,82.67,166.0,30.0,3.33
2020-01,2023-08,2,477.18,1900.0,30.0,6.67
2020-01,2023-02,1,52.92,106.0,30.0,3.33
2020-01,2022-07,1,169.73,340.0,30.0,3.33
2020-01,2023-05,2,2132.95,8491.0,30.0,6.67
2020-01,2023-03,2,651.45,2590.0,30.0,6.67
2020-01,2022-04,1,3632.73,7225.0,30.0,3.33
2020-02,2022-10,2,159.87,634.0,37.0,5.41
2020-02,2020-02,19,133.96,4996.0,37.0,51.35
2020-02,2022-12,2,303.12,1200.0,37.0,5.41
2020-02,2023-10,3,859.19,5095.0,37.0,8.11
2020-02,2023-08,3,1348.52,7990.0,37.0,8.11
2020-02,2022-08,1,1515.6,3000.0,37.0,2.7
2020-02,2023-03,2,2835.97,11120.0,37.0,5.41
2020-02,2022-07,1,48.22,95.0,37.0,2.7
2020-02,2023-05,1,50.88,100.0,37.0,2.7
2020-02,2023-07,2,990.48,3858.0,37.0,5.41
2020-02,2022-11,1,183.17,360.0,37.0,2.7
2020-03,2020-03,13,534.61,13355.0,30.0,43.33
2020-03,2023-10,3,1199.71,6868.0,30.0,10.0
2020-03,2023-12,2,588.98,2280.0,30.0,6.67
2020-03,2023-02,1,620.64,1200.0,30.0,3.33
2020-03,2023-11,2,308.18,1188.0,30.0,6.67
2020-03,2022-06,1,145.15,280.0,30.0,3.33
2020-03,2022-10,1,207.36,400.0,30.0,3.33
2020-03,2023-05,1,762.97,1465.0,30.0,3.33
2020-03,2022-05,1,1357.2,2600.0,30.0,3.33
2020-03,2023-09,1,104.64,200.0,30.0,3.33
2020-03,2022-09,1,466.37,890.0,30.0,3.33
2020-03,2022-03,1,912.46,1740.0,30.0,3.33
2020-03,2023-03,1,167.81,320.0,30.0,3.33
2020-03,2022-07,1,272.69,520.0,30.0,3.33
2020-04,2023-08,1,284.47,540.0,27.0,3.7
2020-04,2020-04,14,384.1,10174.0,27.0,51.85
2020-04,2023-06,1,2222.15,4215.0,27.0,3.7
2020-04,2022-04,1,861.19,1620.0,27.0,3.7
2020-04,2023-05,1,340.99,640.0,27.0,3.7
2020-04,2023-09,1,126.46,237.0,27.0,3.7
2020-04,2023-04,1,96.58,181.0,27.0,3.7
2020-04,2023-07,2,126.5,473.0,27.0,7.41
2020-04,2023-11,1,1059.7,1980.0,27.0,3.7
2020-04,2022-12,1,2622.48,4900.0,27.0,3.7
2020-04,2023-12,1,1138.46,2124.0,27.0,3.7
2020-04,2022-07,1,28.49,53.0,27.0,3.7
2020-04,2022-11,1,290.3,540.0,27.0,3.7
2020-05,2020-05,27,476.64,23653.0,36.0,75.0
2020-05,2022-12,2,2740.19,10150.0,36.0,5.56
2020-05,2023-07,1,182.51,335.0,36.0,2.78
2020-05,2022-08,1,174.34,320.0,36.0,2.78
2020-05,2023-01,1,303.03,555.0,36.0,2.78
2020-05,2023-05,2,818.61,2992.0,36.0,5.56
2020-05,2022-02,1,58.13,106.0,36.0,2.78
2020-05,2023-11,1,3972.79,7218.0,36.0,2.78
2020-06,2022-08,3,508.51,2742.0,40.0,7.5
2020-06,2023-01,2,1579.44,5730.0,40.0,5.0
2020-06,2020-06,21,165.51,6260.0,40.0,52.5
2020-06,2023-05,1,2627.32,4770.0,40.0,2.5
2020-06,2022-04,1,2696.85,4875.0,40.0,2.5
2020-06,2023-10,1,387.24,700.0,40.0,2.5
2020-06,2023-04,2,82.7,296.0,40.0,5.0
2020-06,2023-11,1,371.44,670.0,40.0,2.5
2020-06,2023-08,2,1138.04,4080.0,40.0,5.0
2020-06,2022-02,1,266.69,480.0,40.0,2.5
2020-06,2023-09,1,1731.11,3118.0,40.0,2.5
2020-06,2022-01,1,100.01,180.0,40.0,2.5
2020-06,2023-03,1,356.56,639.0,40.0,2.5
2020-06,2022-07,1,4185.0,7500.0,40.0,2.5
2020-06,2022-12,1,309.75,550.0,40.0,2.5
2020-07,2022-07,2,829.58,2940.0,42.0,4.76
2020-07,2020-07,22,291.51,11216.0,42.0,52.38
2020-07,2021-12,1,1085.18,1920.0,42.0,2.38
2020-07,2022-11,2,278.54,985.0,42.0,4.76
2020-07,2022-12,1,101.74,180.0,42.0,2.38
2020-07,2023-02,1,406.94,720.0,42.0,2.38
2020-07,2022-05,2,174.17,615.0,42.0,4.76
2020-07,2023-05,1,1175.28,2075.0,42.0,2.38
2020-07,2023-04,1,2874.09,5060.0,42.0,2.38
2020-07,2023-12,1,1325.31,2330.0,42.0,2.38
2020-07,2023-06,1,330.83,580.0,42.0,2.38
2020-07,2023-08,1,1182.38,2070.0,42.0,2.38
2020-07,2023-01,1,102.82,180.0,42.0,2.38
2020-07,2023-03,1,3148.2,5500.0,42.0,2.38
2020-07,2022-10,1,431.47,753.0,42.0,2.38
2020-07,2022-09,2,2616.84,9105.0,42.0,4.76
2020-07,2022-02,1,397.44,690.0,42.0,2.38
2020-08,2022-10,1,101.01,175.0,38.0,2.63
2020-08,2022-11,1,260.28,450.0,38.0,2.63
2020-08,2020-08,25,397.03,16910.0,38.0,65.79
2020-08,2022-04,1,321.68,555.0,38.0,2.63
2020-08,2023-06,2,768.93,2645.0,38.0,5.26
2020-08,2023-05,1,174.24,300.0,38.0,2.63
2020-08,2023-07,1,911.86,1570.0,38.0,2.63
2020-08,2023-08,1,350.64,600.0,38.0,2.63
2020-08,2023-04,1,993.48,1700.0,38.0,2.63
2020-08,2023-10,1,908.93,1550.0,38.0,2.63
2020-08,2023-09,1,3638.16,6200.0,38.0,2.63
2020-08,2022-12,1,1788.22,3035.0,38.0,2.63
2020-08,2022-08,1,420.04,710.0,38.0,2.63
2020-09,2022-07,1,354.96,600.0,38.0,2.63
2020-09,2020-09,19,481.46,15184.0,38.0,50.0
2020-09,2023-10,2,619.81,2080.0,38.0,5.26
2020-09,2023-11,1,25.54,43.0,38.0,2.63
2020-09,2023-06,3,1676.24,8410.0,38.0,7.89
2020-09,2022-06,3,2506.01,12420.0,38.0,7.89
2020-09,2023-04,1,229.61,385.0,38.0,2.63
2020-09,2022-09,2,881.51,2920.0,38.0,5.26
2020-09,2022-05,1,179.28,300.0,38.0,2.63
2020-09,2022-03,1,2005.98,3350.0,38.0,2.63
2020-09,2023-12,1,75.3,125.0,38.0,2.63
2020-09,2023-09,2,252.15,834.0,38.0,5.26
2020-09,2022-12,1,303.0,500.0,38.0,2.63
2020-10,2020-10,19,150.39,4642.0,29.0,65.52
2020-10,2023-08,2,3170.22,10435.0,29.0,6.9
2020-10,2023-10,1,216.69,355.0,29.0,3.45
2020-10,2022-06,1,54.97,90.0,29.0,3.45
2020-10,2023-05,1,398.58,650.0,29.0,3.45
2020-10,2022-09,1,84.34,137.0,29.0,3.45
2020-10,2023-06,1,2886.62,4680.0,29.0,3.45
2020-10,2023-09,1,4717.01,7655.0,29.0,3.45
2020-10,2023-01,1,231.75,375.0,29.0,3.45
2020-10,2022-01,1,1044.42,1690.0,29.0,3.45
2020-11,2022-05,1,21.8,35.0,30.0,3.33
2020-11,2020-11,13,317.99,6577.0,30.0,43.33
2020-11,2023-07,5,720.64,5718.0,30.0,16.67
2020-11,2022-06,1,199.43,320.0,30.0,3.33
2020-11,2023-10,1,524.83,840.0,30.0,3.33
2020-11,2023-09,1,386.71,615.0,30.0,3.33
2020-11,2023-08,1,1522.08,2416.0,30.0,3.33
2020-11,2023-05,2,3206.48,10064.0,30.0,6.67
2020-11,2023-01,1,186.67,295.0,30.0,3.33
2020-11,2023-11,2,1105.27,3475.0,30.0,6.67
2020-11,2022-10,1,2060.64,3240.0,30.0,3.33
2020-11,2023-02,1,232.58,365.0,30.0,3.33
2020-12,2020-12,19,358.13,10412.0,34.0,55.88
2020-12,2023-07,1,173.34,270.0,34.0,2.94
2020-12,2022-01,1,1997.14,3105.0,34.0,2.94
2020-12,2022-12,1,1125.59,1750.0,34.0,2.94
2020-12,2023-04,1,241.65,375.0,34.0,2.94
2020-12,2022-07,2,3037.74,9400.0,34.0,5.88
2020-12,2023-02,1,1184.38,1830.0,34.0,2.94
2020-12,2022-04,1,3271.97,5040.0,34.0,2.94
2020-12,2023-12,4,1540.54,9453.0,34.0,11.76
2020-12,2022-10,1,110.57,170.0,34.0,2.94
2020-12,2023-01,1,4957.36,7615.0,34.0,2.94
2020-12,2022-03,1,207.04,316.0,34.0,2.94
2021-01,2021-01,19,340.73,9684.0,38.0,50.0
2021-01,2023-06,2,157.62,472.0,38.0,5.26
2021-01,2023-01,2,194.23,580.0,38.0,5.26
2021-01,2023-08,1,4826.76,7300.0,38.0,2.63
2021-01,2022-08,2,526.01,1560.0,38.0,5.26
2021-01,2023-02,4,798.45,4792.0,38.0,10.53
2021-01,2022-06,2,82.57,246.0,38.0,5.26
2021-01,2022-09,1,123.65,186.0,38.0,2.63
2021-01,2022-02,1,1864.8,2800.0,38.0,2.63
2021-01,2023-03,1,872.99,1310.0,38.0,2.63
2021-01,2023-10,1,110.09,165.0,38.0,2.63
2021-01,2023-09,1,904.77,1348.0,38.0,2.63
2021-01,2022-03,1,203.04,300.0,38.0,2.63
2021-02,2022-12,1,4128.48,6100.0,41.0,2.44
2021-02,2022-06,2,189.77,555.0,41.0,4.88
2021-02,2021-02,19,541.94,15098.0,41.0,46.34
2021-02,2023-05,3,1226.81,5324.0,41.0,7.32
2021-02,2022-04,1,2135.7,3150.0,41.0,2.44
2021-02,2023-09,1,4163.49,6130.0,41.0,2.44
2021-02,2023-12,2,184.58,540.0,41.0,4.88
2021-02,2023-08,2,601.12,1748.0,41.0,4.88
2021-02,2023-06,2,959.17,2800.0,41.0,4.88
2021-02,2022-08,1,5125.55,7476.0,41.0,2.44
2021-02,2022-10,1,103.14,150.0,41.0,2.44
2021-02,2022-09,1,1057.31,1535.0,41.0,2.44
2021-02,2023-03,1,227.3,330.0,41.0,2.44
2021-02,2023-04,1,517.5,750.0,41.0,2.44
2021-02,2022-05,1,276.0,400.0,41.0,2.44
2021-02,2022-07,1,383.86,556.0,41.0,2.44
2021-02,2023-07,1,228.49,330.0,41.0,2.44
2021-03,2023-05,2,434.12,1245.0,31.0,6.45
2021-03,2022-02,1,121.8,175.0,31.0,3.23
2021-03,2022-03,1,1564.42,2240.0,31.0,3.23
2021-03,2021-03,12,329.91,5641.0,31.0,38.71
2021-03,2022-08,3,637.38,2715.0,31.0,9.68
2021-03,2023-07,1,1693.03,2420.0,31.0,3.23
2021-03,2022-07,2,2205.5,6300.0,31.0,6.45
2021-03,2022-12,1,147.17,210.0,31.0,3.23
2021-03,2023-11,1,2700.29,3840.0,31.0,3.23
2021-03,2022-04,1,4598.93,6540.0,31.0,3.23
2021-03,2021-12,1,116.23,165.0,31.0,3.23
2021-03,2023-12,1,268.13,380.0,31.0,3.23
2021-03,2023-10,2,254.74,721.0,31.0,6.45
2021-03,2022-05,1,866.73,1218.0,31.0,3.23
2021-03,2023-01,1,1249.5,1750.0,31.0,3.23
2021-04,2021-04,17,977.17,22821.0,35.0,48.57
2021-04,2022-05,2,1011.88,2810.0,35.0,5.71
2021-04,2022-06,2,2959.9,8205.0,35.0,5.71
2021-04,2023-06,1,1465.48,2032.0,35.0,2.86
2021-04,2023-11,1,5701.09,7905.0,35.0,2.86
2021-04,2023-10,1,5253.34,7260.0,35.0,2.86
2021-04,2023-07,2,221.59,608.0,35.0,5.71
2021-04,2022-07,1,2324.05,3188.0,35.0,2.86
2021-04,2023-12,1,4574.59,6270.0,35.0,2.86
2021-04,2022-10,2,2007.27,5476.0,35.0,5.71
2021-04,2022-12,1,226.92,310.0,35.0,2.86
2021-04,2022-11,1,893.04,1220.0,35.0,2.86
2021-04,2022-04,1,220.68,300.0,35.0,2.86
2021-04,2022-01,1,95.78,130.0,35.0,2.86
2021-04,2023-05,1,524.41,710.0,35.0,2.86
2021-05,2021-05,24,687.13,21958.0,41.0,58.54
2021-05,2022-04,2,1232.17,3333.0,41.0,4.88
2021-05,2022-05,1,3531.71,4770.0,41.0,2.44
2021-05,2023-08,2,1658.02,4445.0,41.0,4.88
2021-05,2023-12,2,369.62,984.0,41.0,4.88
2021-05,2022-10,1,358.27,480.0,41.0,2.44
2021-05,2023-07,1,2045.79,2735.0,41.0,2.44
2021-05,2022-09,2,269.57,720.0,41.0,4.88
2021-05,2023-05,2,2012.95,5365.0,41.0,4.88
2021-05,2023-06,1,2009.98,2670.0,41.0,2.44
2021-05,2023-04,1,181.15,240.0,41.0,2.44
2021-05,2023-09,1,183.15,242.0,41.0,2.44
2021-05,2022-08,1,1870.28,2470.0,41.0,2.44
2021-06,2022-10,1,297.65,390.0,31.0,3.23
2021-06,2023-12,3,1210.8,4670.0,31.0,9.68
2021-06,2021-06,17,633.54,13970.0,31.0,54.84
2021-06,2023-04,1,183.55,240.0,31.0,3.23
2021-06,2023-03,1,7051.18,9210.0,31.0,3.23
2021-06,2022-12,1,646.46,840.0,31.0,3.23
2021-06,2023-02,1,49.38,64.0,31.0,3.23
2021-06,2022-06,1,1298.3,1680.0,31.0,3.23
2021-06,2023-11,1,1664.36,2152.0,31.0,3.23
2021-06,2022-11,1,264.79,340.0,31.0,3.23
2021-06,2023-01,2,5386.74,13780.0,31.0,6.45
2021-06,2023-07,1,5195.52,6600.0,31.0,3.23
2021-07,2023-12,1,347.08,440.0,34.0,2.94
2021-07,2021-07,14,126.12,2205.0,34.0,41.18
2021-07,2022-02,1,1233.18,1550.0,34.0,2.94
2021-07,2022-12,3,104.37,391.0,34.0,8.82
2021-07,2022-10,1,188.18,235.0,34.0,2.94
2021-07,2023-07,1,2174.72,2715.0,34.0,2.94
2021-07,2023-04,3,1446.7,5384.0,34.0,8.82
2021-07,2023-02,1,256.78,320.0,34.0,2.94
2021-07,2023-11,3,875.96,3252.0,34.0,8.82
2021-07,2023-03,1,53.14,66.0,34.0,2.94
2021-07,2022-07,1,416.72,516.0,34.0,2.94
2021-07,2023-08,1,348.81,430.0,34.0,2.94
2021-07,2023-10,1,2758.08,3400.0,34.0,2.94
2021-07,2022-09,1,1511.06,1860.0,34.0,2.94
2021-07,2022-11,1,146.66,180.0,34.0,2.94
2021-08,2021-08,23,862.83,23783.0,41.0,56.1
2021-08,2023-03,1,876.97,1070.0,41.0,2.44
2021-08,2022-07,1,274.71,335.0,41.0,2.44
2021-08,2023-07,2,3797.23,9239.0,41.0,4.88
2021-08,2022-12,1,373.84,455.0,41.0,2.44
2021-08,2023-04,1,4050.14,4920.0,41.0,2.44
2021-08,2022-11,1,181.27,220.0,41.0,2.44
2021-08,2022-08,1,162.99,198.0,41.0,2.44
2021-08,2023-08,1,259.69,315.0,41.0,2.44
2021-08,2023-02,1,2536.24,3072.0,41.0,2.44
2021-08,2022-03,1,413.4,500.0,41.0,2.44
2021-08,2022-10,2,638.48,1520.0,41.0,4.88
2021-08,2023-01,1,166.32,200.0,41.0,2.44
2021-08,2023-11,1,4055.44,4851.0,41.0,2.44
2021-08,2023-06,1,6545.45,7770.0,41.0,2.44
2021-08,2022-06,1,1147.3,1360.0,41.0,2.44
2021-08,2022-01,1,261.89,310.0,41.0,2.44
2021-09,2022-11,1,291.87,345.0,30.0,3.33
2021-09,2022-09,3,295.62,1030.0,30.0,10.0
2021-09,2023-04,1,229.07,270.0,30.0,3.33
2021-09,2021-09,12,571.26,7959.0,30.0,40.0
2021-09,2022-08,1,3403.2,4000.0,30.0,3.33
2021-09,2022-12,1,428.4,500.0,30.0,3.33
2021-09,2022-02,1,7814.02,9120.0,30.0,3.33
2021-09,2023-05,1,475.52,555.0,30.0,3.33
2021-09,2022-05,1,3527.64,4100.0,30.0,3.33
2021-09,2023-09,1,585.9,680.0,30.0,3.33
2021-09,2022-06,1,1906.79,2210.0,30.0,3.33
2021-09,2022-07,1,289.04,335.0,30.0,3.33
2021-09,2022-01,1,1418.93,1640.0,30.0,3.33
2021-09,2023-06,1,1083.15,1245.0,30.0,3.33
2021-09,2022-10,1,1851.39,2129.0,30.0,3.33
2021-09,2023-10,1,2638.14,3024.0,30.0,3.33
2021-09,2023-08,1,799.34,915.0,30.0,3.33
2021-10,2021-10,13,860.96,12475.0,33.0,39.39
2021-10,2023-03,2,211.79,475.0,33.0,6.06
2021-10,2023-07,2,396.28,885.0,33.0,6.06
2021-10,2023-01,2,3714.38,8208.0,33.0,6.06
2021-10,2022-08,2,1357.89,3010.0,33.0,6.06
2021-10,2022-10,1,8147.52,9200.0,33.0,3.03
2021-10,2023-09,2,208.76,470.0,33.0,6.06
2021-10,2022-11,1,2263.77,2547.0,33.0,3.03
2021-10,2023-08,2,300.47,670.0,33.0,6.06
2021-10,2023-10,1,147.05,165.0,33.0,3.03
2021-10,2023-12,1,304.78,340.0,33.0,3.03
2021-10,2022-06,1,230.11,255.0,33.0,3.03
2021-10,2023-05,1,416.21,460.0,33.0,3.03
2021-10,2022-12,2,469.44,1034.0,33.0,6.06
2021-11,2021-11,13,956.68,13445.0,31.0,41.94
2021-11,2023-04,3,1310.81,4197.0,31.0,9.68
2021-11,2022-01,2,2155.01,4685.0,31.0,6.45
2021-11,2022-11,3,4049.2,13060.0,31.0,9.68
2021-11,2022-07,1,8420.98,9090.0,31.0,3.23
2021-11,2022-03,1,1148.74,1240.0,31.0,3.23
2021-11,2022-09,1,177.41,191.0,31.0,3.23
2021-11,2022-05,1,3351.11,3608.0,31.0,3.23
2021-11,2023-09,2,3419.22,7250.0,31.0,6.45
2021-11,2023-10,1,5777.06,6180.0,31.0,3.23
2021-11,2023-05,1,498.21,530.0,31.0,3.23
2021-11,2022-06,1,282.24,300.0,31.0,3.23
2021-11,2022-02,1,11332.8,12000.0,31.0,3.23
2021-12,2021-12,15,574.79,8861.0,36.0,41.67
2021-12,2022-05,1,4771.87,5040.0,36.0,2.78
2021-12,2023-12,3,738.1,2305.0,36.0,8.33
2021-12,2022-11,1,6841.83,7208.0,36.0,2.78
2021-12,2022-10,1,2671.2,2800.0,36.0,2.78
2021-12,2023-04,1,1493.86,1560.0,36.0,2.78
2021-12,2023-03,2,1587.7,3314.0,36.0,5.56
2021-12,2022-03,1,2511.0,2620.0,36.0,2.78
2021-12,2023-08,2,3237.8,6750.0,36.0,5.56
2021-12,2023-05,2,262.44,545.0,36.0,5.56
2021-12,2022-01,1,5885.28,6100.0,36.0,2.78
2021-12,2022-09,2,2662.32,5475.0,36.0,5.56
2021-12,2023-11,1,155.52,160.0,36.0,2.78
2021-12,2023-06,1,324.04,332.0,36.0,2.78
2021-12,2022-02,1,9279.6,9500.0,36.0,2.78
2021-12,2023-09,1,172.41,175.0,36.0,2.78
